{
  "accuracy": 0.9607390300230947,
  "macro_precision": 0.9629012162380444,
  "macro_recall": 0.9630480150392008,
  "macro_f1": 0.9628068367474233,
  "min_class_f1": 0.935064935064935,
  "class_metrics": {
    "sliver_download": {
      "precision": 0.9701492537313433,
      "recall": 0.9848484848484849,
      "f1": 0.9774436090225564,
      "support": 66
    },
    "sliver_keylog": {
      "precision": 0.96,
      "recall": 0.9113924050632911,
      "f1": 0.935064935064935,
      "support": 79
    },
    "sliver_recon": {
      "precision": 0.9587628865979382,
      "recall": 0.9587628865979382,
      "f1": 0.9587628865979382,
      "support": 97
    },
    "sliver_screenshot": {
      "precision": 0.9607843137254902,
      "recall": 0.9607843137254902,
      "f1": 0.9607843137254902,
      "support": 51
    },
    "sliver_shell": {
      "precision": 1.0,
      "recall": 1.0,
      "f1": 1.0,
      "support": 60
    },
    "sliver_upload": {
      "precision": 0.927710843373494,
      "recall": 0.9625,
      "f1": 0.9447852760736196,
      "support": 80
    }
  },
  "confusion_matrix": [
    [
      65,
      0,
      0,
      1,
      0,
      0
    ],
    [
      0,
      72,
      1,
      0,
      0,
      6
    ],
    [
      0,
      3,
      93,
      1,
      0,
      0
    ],
    [
      2,
      0,
      0,
      49,
      0,
      0
    ],
    [
      0,
      0,
      0,
      0,
      60,
      0
    ],
    [
      0,
      0,
      3,
      0,
      0,
      77
    ]
  ]
}