{
  "accuracy": 0.9832869080779945,
  "macro_precision": 0.9481589147286821,
  "macro_recall": 0.9467787114845939,
  "macro_f1": 0.9472964943553178,
  "min_class_f1": 0.8484848484848485,
  "class_metrics": {
    "merlin_download": {
      "precision": 1.0,
      "recall": 1.0,
      "f1": 1.0,
      "support": 200
    },
    "merlin_keylog": {
      "precision": 0.8604651162790697,
      "recall": 0.8809523809523809,
      "f1": 0.8705882352941177,
      "support": 42
    },
    "merlin_recon": {
      "precision": 0.9534883720930233,
      "recall": 0.9761904761904762,
      "f1": 0.9647058823529412,
      "support": 42
    },
    "merlin_screenshot": {
      "precision": 0.875,
      "recall": 0.8235294117647058,
      "f1": 0.8484848484848485,
      "support": 34
    },
    "merlin_shell": {
      "precision": 1.0,
      "recall": 1.0,
      "f1": 1.0,
      "support": 200
    },
    "merlin_upload": {
      "precision": 1.0,
      "recall": 1.0,
      "f1": 1.0,
      "support": 200
    }
  },
  "confusion_matrix": [
    [
      200,
      0,
      0,
      0,
      0,
      0
    ],
    [
      0,
      37,
      1,
      4,
      0,
      0
    ],
    [
      0,
      1,
      41,
      0,
      0,
      0
    ],
    [
      0,
      5,
      1,
      28,
      0,
      0
    ],
    [
      0,
      0,
      0,
      0,
      200,
      0
    ],
    [
      0,
      0,
      0,
      0,
      0,
      200
    ]
  ]
}