{
  "accuracy": 0.9945446915652539,
  "macro_precision": 0.995377930384602,
  "macro_recall": 0.9934423932061218,
  "macro_f1": 0.9943885722492074,
  "class_metrics": {
    "benign": {
      "precision": 1.0,
      "recall": 0.9918367346938776,
      "f1": 0.9959016393442623,
      "support": 490
    },
    "merlin": {
      "precision": 0.9958217270194986,
      "recall": 0.9958217270194986,
      "f1": 0.9958217270194986,
      "support": 718
    },
    "deimos": {
      "precision": 0.988031914893617,
      "recall": 1.0,
      "f1": 0.9939799331103679,
      "support": 743
    },
    "sliver": {
      "precision": 0.9976580796252927,
      "recall": 0.9861111111111112,
      "f1": 0.9918509895227008,
      "support": 432
    }
  },
  "confusion_matrix": [
    [
      486,
      3,
      0,
      1
    ],
    [
      0,
      715,
      3,
      0
    ],
    [
      0,
      0,
      743,
      0
    ],
    [
      0,
      0,
      6,
      426
    ]
  ]
}